{
  "samples": 7920,
  "seconds": 39.87365531921387,
  "checkpoint": "reports/full_matrix/c_rand_thr2_50ep/checkpoints/firstU.pt",
  "checkpoint_phase": "firstU",
  "git": {
    "commit": "3932a2d7a7ba554f31febe64e712329862338a79",
    "dirty": false,
    "status_short": "",
    "exclude_paths": [
      "reports"
    ]
  },
  "artifact_git": {
    "commit": "3932a2d7a7ba554f31febe64e712329862338a79",
    "dirty": true,
    "status_short": "?? reports/full_matrix/c_rand_thr2_50ep/",
    "exclude_paths": []
  },
  "firstU": {
    "mse": 0.000801680687056267,
    "raw_mse": 0.000801680687056267,
    "target_scale": 1.0,
    "nmse": 0.0202622058908067,
    "global_nmse": 0.01595377110628777,
    "rmse": 0.0283139662897353,
    "rmse_db_80": 2.2651173031788243
  },
  "secondU": {
    "mse": 0.05144927019577925,
    "raw_mse": 0.05144927019577925,
    "target_scale": 1.0,
    "nmse": 1.0355247764876394,
    "global_nmse": 1.0238613597713688,
    "rmse": 0.22682431570662626,
    "rmse_db_80": 18.1459452565301
  }
}