{
  "samples": 7920,
  "seconds": 52.32122802734375,
  "checkpoint": "reports/full_matrix/s_dpmcars_carinput_thr2_rand1_300_50ep/checkpoints/secondU.pt",
  "checkpoint_phase": "secondU",
  "git": {
    "commit": "c4fab8a4457607b90da7b4f518907854aea4b778",
    "dirty": false,
    "status_short": "",
    "exclude_paths": [
      "reports"
    ]
  },
  "artifact_git": {
    "commit": "c4fab8a4457607b90da7b4f518907854aea4b778",
    "dirty": true,
    "status_short": "?? reports/full_matrix/s_dpmcars_carinput_thr2_rand1_300_50ep/",
    "exclude_paths": []
  },
  "firstU": {
    "mse": 0.0003723033921205294,
    "raw_mse": 24.399275106011014,
    "target_scale": 256.0,
    "nmse": 0.009296775513741357,
    "global_nmse": 0.0075088255795165235,
    "rmse": 0.01929516499334819,
    "rmse_db_80": 1.543613199467855
  },
  "secondU": {
    "mse": 0.0002886246175104602,
    "raw_mse": 18.91530293316552,
    "target_scale": 256.0,
    "nmse": 0.007258990940472083,
    "global_nmse": 0.0058211446851833245,
    "rmse": 0.016988955751030144,
    "rmse_db_80": 1.3591164600824115
  }
}