{
  "samples": 7920,
  "seconds": 38.017375469207764,
  "checkpoint": "reports/full_matrix/s_irt2_thr2_rand1_300_50ep/checkpoints/firstU.pt",
  "checkpoint_phase": "firstU",
  "git": {
    "commit": "3dea4a8888a6eade25062d4c17509fa60514a9fc",
    "dirty": false,
    "status_short": "",
    "exclude_paths": [
      "reports"
    ]
  },
  "artifact_git": {
    "commit": "3dea4a8888a6eade25062d4c17509fa60514a9fc",
    "dirty": true,
    "status_short": "?? reports/full_matrix/s_irt2_thr2_rand1_300_50ep/",
    "exclude_paths": []
  },
  "firstU": {
    "mse": 0.000797406031751686,
    "raw_mse": 52.25880169687849,
    "target_scale": 256.0,
    "nmse": 0.021373796027160784,
    "global_nmse": 0.01661522874894735,
    "rmse": 0.028238378702604122,
    "rmse_db_80": 2.2590702962083298
  },
  "secondU": {
    "mse": 0.030031290944228232,
    "raw_mse": 1968.1306833209414,
    "target_scale": 256.0,
    "nmse": 0.63003649528731,
    "global_nmse": 0.6257499332603071,
    "rmse": 0.17329538639048714,
    "rmse_db_80": 13.863630911238971
  }
}