{
  "samples": 7920,
  "seconds": 41.09969520568848,
  "checkpoint": "reports/s_dpm_thr2/fix300_50ep/checkpoints/firstU.pt",
  "checkpoint_phase": "firstU",
  "git": {
    "commit": "301ac2d95c108609b5e5984ee00aa829eb438956",
    "dirty": false,
    "status_short": "",
    "exclude_paths": [
      "reports"
    ]
  },
  "artifact_git": {
    "commit": "301ac2d95c108609b5e5984ee00aa829eb438956",
    "dirty": true,
    "status_short": "?? reports/s_dpm_thr2/fix300_50ep/",
    "exclude_paths": []
  },
  "firstU": {
    "mse": 0.00030509180253306334,
    "raw_mse": 19.99449637080684,
    "target_scale": 256.0,
    "nmse": 0.0072132220366532265,
    "global_nmse": 0.005692662279411837,
    "rmse": 0.017466877297704457,
    "rmse_db_80": 1.3973501838163567
  },
  "secondU": {
    "mse": 0.03321271139077109,
    "raw_mse": 2176.628253705574,
    "target_scale": 256.0,
    "nmse": 0.6222814866764979,
    "global_nmse": 0.6197110105194853,
    "rmse": 0.1822435496547713,
    "rmse_db_80": 14.579483972381704
  }
}