{
  "samples": 7920,
  "seconds": 32.9737434387207,
  "checkpoint": "reports/c_dpm_thr2/20260506_182311/checkpoints/secondU.pt",
  "checkpoint_phase": "secondU",
  "git": {
    "commit": "c2e282ce28a5ba6fd5f54a3a6b1176fd04ed4c7f",
    "dirty": false,
    "status_short": ""
  },
  "firstU": {
    "mse": 0.00047267809781480923,
    "nmse": 0.010797844952486974,
    "rmse": 0.021741161372263656,
    "rmse_db_80": 1.7392929097810925
  },
  "secondU": {
    "mse": 0.000419767048463131,
    "nmse": 0.009647368385478992,
    "rmse": 0.02048821730808054,
    "rmse_db_80": 1.6390573846464431
  }
}