{
  "config": "configs/c_dpm_thr2.yaml",
  "current_test_target_energy": {
    "split": "test",
    "samples": 7920,
    "pixels": 519045120,
    "mean_mse_target_zero_per_sample": 0.05431883666438587,
    "mean_mse_target_zero_global_pixels": 0.0543188365270393,
    "min_per_sample": 0.0039388746954500675,
    "max_per_sample": 0.14139820635318756
  },
  "denominator_comparison": {
    "当前 firstU/secondU 评估": {
      "firstU": 0.04377522427449272,
      "secondU": 0.043511036701589394,
      "note": "由 Stage 1 test MSE/NMSE 反推。"
    },
    "官方 notebook": {
      "firstU": 0.05299301819846629,
      "secondU": 0.05292443064182195,
      "note": "由官方 notebook DPM 输出 MSE/NMSE 反推。"
    },
    "论文表格": {
      "firstU": null,
      "secondU": 0.05333333333333334,
      "note": "由 RMSE^2/NMSE 反推，表格只给最终方法行。"
    }
  },
  "global_nmse_recomputed": {
    "firstU": {
      "mse": 0.0004726780844763165,
      "reported_nmse": 0.010797844952486974,
      "global_denominator_nmse": 0.008701918404416562
    },
    "secondU": {
      "mse": 0.0004197669998943297,
      "reported_nmse": 0.009647368385478992,
      "global_denominator_nmse": 0.007727834866713002
    }
  },
  "relative_gap": {
    "official_vs_current_target_energy": -0.025039421456047206,
    "paper_vs_current_target_energy": -0.01814293883246354
  },
  "conclusion": "当前 test split 直接复算的 `MSE(target, 0)` 为 `0.0543`，与官方 notebook 反推分母 `0.0530` 和论文表格反推分母 `0.0533` 基本一致，因此不是数据版本差异，也不是 threshold=0.2 变换差异。Stage 1 报告中用 `平均 MSE / 平均 NMSE` 反推得到的 `0.0435` 到 `0.0438` 只是“比值平均后的有效分母”，不是 test split 的真实 target energy。按论文公式使用全局分母重算后，secondU NMSE 为 `0.0077278349`，与官方 notebook 的 `0.007728` 和论文表格的 `0.0075` 对齐。结论：遗留问题是 NMSE 统计粒度/比值平均口径差异；后续报告应优先使用全局平方误差和全局 target energy 的比值，并保留 batch-mean NMSE 时明确标注。"
}