{
  "samples": 7920,
  "seconds": 30.359983205795288,
  "checkpoint": "reports/full_matrix/c_irt2_thr2_50ep/checkpoints/secondU.pt",
  "checkpoint_phase": "secondU",
  "git": {
    "commit": "e06c916ebcf76c4fa3fc82f245c4da023cdbc336",
    "dirty": false,
    "status_short": "",
    "exclude_paths": [
      "reports"
    ]
  },
  "artifact_git": {
    "commit": "e06c916ebcf76c4fa3fc82f245c4da023cdbc336",
    "dirty": true,
    "status_short": "?? reports/full_matrix/c_irt2_thr2_50ep/",
    "exclude_paths": []
  },
  "firstU": {
    "mse": 0.0010725662854879788,
    "raw_mse": 0.0010725662854879788,
    "target_scale": 1.0,
    "nmse": 0.027394553339532154,
    "global_nmse": 0.022050108378858187,
    "rmse": 0.0327500577936586,
    "rmse_db_80": 2.6200046234926884
  },
  "secondU": {
    "mse": 0.0010423808932473273,
    "raw_mse": 0.0010423808932473273,
    "target_scale": 1.0,
    "nmse": 0.026601516007345213,
    "global_nmse": 0.021429548879233637,
    "rmse": 0.032285924072997005,
    "rmse_db_80": 2.5828739258397606
  }
}