{
  "samples": 2,
  "seconds": 0.5385417938232422,
  "checkpoint": "reports/full_matrix/c_dpm_thr2_size_small_smoke/checkpoints/firstU.pt",
  "checkpoint_phase": "firstU",
  "git": {
    "commit": "98c674dbf97842c0a0902ecec7f0609a3475bcdd",
    "dirty": true,
    "status_short": "?? scripts/run_wnet_matrix_experiment.py",
    "exclude_paths": [
      "reports"
    ]
  },
  "artifact_git": {
    "commit": "98c674dbf97842c0a0902ecec7f0609a3475bcdd",
    "dirty": true,
    "status_short": "?? reports/full_matrix/c_dpm_thr2_size_small_smoke/\n?? scripts/run_wnet_matrix_experiment.py",
    "exclude_paths": []
  },
  "firstU": {
    "mse": 0.07324425876140594,
    "raw_mse": 0.07324425876140594,
    "target_scale": 1.0,
    "nmse": 0.737460196018219,
    "global_nmse": 0.7374602151524945,
    "rmse": 0.27063676535423997,
    "rmse_db_80": 21.6509412283392
  },
  "secondU": {
    "mse": 0.07644054293632507,
    "raw_mse": 0.07644054293632507,
    "target_scale": 1.0,
    "nmse": 0.7696419954299927,
    "global_nmse": 0.7696420196404443,
    "rmse": 0.27647882909243715,
    "rmse_db_80": 22.118306327394972
  }
}