{
  "samples": 2,
  "seconds": 0.5736544132232666,
  "checkpoint": "reports/s_dpm_thr2/clean_smoke/checkpoints/firstU.pt",
  "checkpoint_phase": "firstU",
  "git": {
    "commit": "16bef7e691ee2f4ea717bac7089c1437e1578df9",
    "dirty": false,
    "status_short": "",
    "exclude_paths": [
      "reports"
    ]
  },
  "artifact_git": {
    "commit": "16bef7e691ee2f4ea717bac7089c1437e1578df9",
    "dirty": true,
    "status_short": "D reports/s_dpm_thr2/clean_smoke/figures/s_dpm_thr2_test_0000.png\n M reports/s_dpm_thr2/clean_smoke/firstU_checkpoint_manifest.json\n D reports/s_dpm_thr2/clean_smoke/firstU_smoke_test_metrics.json\n M reports/s_dpm_thr2/clean_smoke/run_metadata.json",
    "exclude_paths": []
  },
  "firstU": {
    "mse": 0.09770692139863968,
    "raw_mse": 6403.32080078125,
    "target_scale": 256.0,
    "nmse": 0.9968146085739136,
    "global_nmse": 0.9968145870281245,
    "rmse": 0.3125810637236998,
    "rmse_db_80": 25.006485097895986
  },
  "secondU": {
    "mse": 0.09776691347360611,
    "raw_mse": 6407.25244140625,
    "target_scale": 256.0,
    "nmse": 0.9974266290664673,
    "global_nmse": 0.9974266314419347,
    "rmse": 0.3126770114248985,
    "rmse_db_80": 25.01416091399188
  }
}