{
  "samples": 2,
  "seconds": 0.5106446743011475,
  "checkpoint": "reports/full_matrix/c_dpmcars_thr2_smoke/checkpoints/firstU.pt",
  "checkpoint_phase": "firstU",
  "git": {
    "commit": "fb18b945c5449b174e2d605853c07a6e66947649",
    "dirty": false,
    "status_short": "",
    "exclude_paths": [
      "reports"
    ]
  },
  "artifact_git": {
    "commit": "fb18b945c5449b174e2d605853c07a6e66947649",
    "dirty": true,
    "status_short": "?? reports/full_matrix/c_dpmcars_thr2_smoke/",
    "exclude_paths": []
  },
  "firstU": {
    "mse": 0.09218244254589081,
    "raw_mse": 0.09218244254589081,
    "target_scale": 1.0,
    "nmse": 0.9990136027336121,
    "global_nmse": 0.9990136243539829,
    "rmse": 0.303615616439423,
    "rmse_db_80": 24.28924931515384
  },
  "secondU": {
    "mse": 0.09258968383073807,
    "raw_mse": 0.09258968383073807,
    "target_scale": 1.0,
    "nmse": 1.0034270286560059,
    "global_nmse": 1.0034270417111906,
    "rmse": 0.3042855301041081,
    "rmse_db_80": 24.342842408328647
  }
}