{
  "samples": 2,
  "seconds": 0.542539119720459,
  "checkpoint": "reports/full_matrix/c_dpmcars_thr2_smoke/checkpoints/secondU.pt",
  "checkpoint_phase": "secondU",
  "git": {
    "commit": "fb18b945c5449b174e2d605853c07a6e66947649",
    "dirty": false,
    "status_short": "",
    "exclude_paths": [
      "reports"
    ]
  },
  "artifact_git": {
    "commit": "fb18b945c5449b174e2d605853c07a6e66947649",
    "dirty": true,
    "status_short": "?? reports/full_matrix/c_dpmcars_thr2_smoke/",
    "exclude_paths": []
  },
  "firstU": {
    "mse": 0.09218244254589081,
    "raw_mse": 0.09218244254589081,
    "target_scale": 1.0,
    "nmse": 0.9990136027336121,
    "global_nmse": 0.9990136243539829,
    "rmse": 0.303615616439423,
    "rmse_db_80": 24.28924931515384
  },
  "secondU": {
    "mse": 0.09248243272304535,
    "raw_mse": 0.09248243272304535,
    "target_scale": 1.0,
    "nmse": 1.0022647380828857,
    "global_nmse": 1.0022647236509077,
    "rmse": 0.3041092447181528,
    "rmse_db_80": 24.328739577452225
  }
}